出道回歌单,测试歌单
A001021,A001069
A001020,A000381
A001069,A000285
A001129,A000965
A001156,A001021
A001161,A000731
A001169,A000960
A001057,A001058
A001061,A000347
A001083,A000678
A001126,A000713
A001134,A000021
A001159,A000386
A001198,A000062
A001199,A000314
A001208,A000279
A001044,A000499
A001065,A000914
A001067,A000729
A001091,
A001060,
A001104,
A001063,
A001202,
A001210,
A001146,
A001131,
A001154,
A001165,
A001174,
A001175,
A001185,
A001211,
A001147,
A001152,
A001149,
A001081,
A001082,
A001105,
A001118,
A001058,
A001073,
A001112,